label,prediction,pca_x,pca_y
0,1,1.3663541,2.4342477
2,9,1.418678,-0.84626645
8,3,-1.3404704,0.8217409
8,3,0.5067138,1.3121437
7,2,3.613639,-6.234302
4,9,6.355183,2.028359
8,3,-1.0182719,-0.21340945
7,6,0.32930112,-3.8642888
6,5,0.94341224,4.4605975
4,9,5.7838387,1.9705476
3,7,-2.4442635,0.8144601
8,3,1.053479,-1.0406115
2,3,-3.0208898,1.9385107
6,5,1.3742958,4.41654
7,6,2.5461712,-4.6150656
0,1,2.1038077,1.8152006
1,3,-0.13264117,-2.080844
6,5,1.3772584,3.6788104
4,9,3.3731043,0.861805
2,8,-3.4427779,0.5817891
6,5,1.5349187,3.479151
8,3,-2.3143735,-2.0714939
6,5,0.4337259,4.4739413
2,7,-3.7645042,0.45604464
1,8,-1.7165945,2.1513157
8,3,0.21201743,1.171277
3,7,-2.8488033,0.842765
4,9,5.43363,0.50342196
6,5,0.83738005,4.3207517
2,4,-6.449268,0.9579738
3,7,-3.1091223,-2.2112935
4,9,4.4146776,2.391137
3,7,-4.466335,1.3082883
8,0,1.4727067,-1.8855733
7,6,0.05826036,-1.9775867
4,6,1.9145687,0.18151407
0,1,1.5392994,1.8260711
2,4,-4.4728937,0.63932526
1,3,-0.03176868,-0.6934066
8,3,1.0223114,0.1478697
1,9,2.0627704,-2.0161176
1,9,1.9055681,-2.0792863
1,3,0.5346644,0.009774036
3,7,-4.201403,-0.7151131
0,1,0.7900886,2.228784
2,8,-4.481863,1.6336919
6,5,0.9968662,4.4207397
0,1,0.7973591,2.834366
3,7,-3.422958,-2.2649295
1,9,2.599452,-0.9686657
7,4,-3.3035567,-2.4375694
1,9,2.4732707,-1.990226
0,1,1.0482056,1.2618444
8,9,2.6660354,-0.9273804
6,5,1.7486224,2.9000225
2,4,-5.6845865,0.8096089
5,0,-1.1646637,-0.1800323
5,0,-0.9484826,-0.7984594
9,7,-1.4923502,-0.29522073
9,7,-1.7230159,-0.22098958
2,4,-6.9454465,0.7541026
8,7,-1.0981454,0.66563797
3,4,-4.5665116,-3.7343261
2,8,-2.9828856,1.7886474
3,7,-2.5536227,-0.3299266
6,5,1.0263568,4.6927032
5,0,-0.9549391,0.8941261
6,5,1.5540707,2.8925395
4,9,4.5276885,1.0931756
7,2,3.6173825,-7.591592
2,4,-5.9366703,1.8254429
8,9,2.0989695,-0.9317469
3,7,-2.1065438,0.38686603
5,4,-4.3559527,-2.7298532
1,9,2.816384,-0.8621865
4,0,-2.3312495,-1.8696203
0,1,1.4108121,1.7464736
2,3,-0.75913024,-0.1578041
3,7,-1.58945,-3.6119604
6,5,1.0229386,4.448859
2,4,-5.5086813,1.4735836
3,7,-3.9398496,-2.334031
2,4,-3.206548,1.8036534
7,6,0.61625475,-3.0154288
8,3,-1.6256193,-1.4138294
1,3,0.97869414,0.34956387
0,1,0.7475104,3.0417435
6,5,1.1152244,3.819955
2,8,-3.6939662,0.8154936
8,3,0.14958662,0.87862444
8,7,-2.4672346,0.2988228
6,5,1.1757487,4.4295616
0,1,0.7165262,-0.11882862
2,4,-5.9934072,-0.49718258
5,0,0.6863871,-0.6046781
8,3,-1.7216718,-0.08749847
5,0,-2.3825452,-3.7946043
5,7,-0.8573114,0.8009008
5,4,-3.3068857,-2.1933448
6,5,1.7761134,3.2883685
8,3,-0.29928386,0.8782879
6,5,1.0647093,4.2242007
3,4,-4.1874948,-3.7961302
8,3,-2.195766,-0.895539
4,9,4.002219,0.3221265
3,6,-1.8796282,-4.634431
1,9,2.272994,-1.7435704
6,5,0.80746466,4.853028
4,9,4.1462464,0.5523903
5,0,-0.68508023,-1.4979492
9,7,-3.0905082,1.4080298
3,7,-1.7520463,0.94318926
8,3,1.5049108,-1.1463814
9,7,-1.690601,1.4928848
0,1,2.116312,1.2787153
3,7,-3.2571697,-2.1485262
4,9,5.457225,-0.025125355
9,7,0.49789238,0.19417295
4,6,2.1212122,-0.23630922
0,1,1.6121686,1.4540759
8,3,-0.84783936,1.1692436
5,4,-3.6394572,-2.2052784
8,7,-0.362203,1.5391802
3,7,-2.7808878,1.1626178
3,4,-5.038531,-4.130803
5,0,-1.3192575,-0.75489026
3,7,-3.0157046,-2.736116
6,5,1.817921,3.7041268
0,1,1.8215833,2.4662688
4,9,5.5038033,1.957733
0,1,2.6896827,1.6112634
9,7,-2.3389893,1.4144871
0,1,2.323729,3.4090123
6,5,-0.26746702,3.9202073
7,6,-1.4119991,-2.2167065
6,5,0.73218167,4.6225924
0,1,1.9472839,1.836835
9,7,-2.1449354,1.2871534
0,1,1.1050775,1.750042
4,9,5.9436183,1.4300202
7,2,4.1042137,-6.306073
9,7,-0.6830737,0.9761628
3,7,-0.8457823,0.8039797
0,1,0.80609614,2.7081225
5,0,-1.2886297,-0.9673802
2,4,-5.950596,1.7001333
2,8,-2.2974532,1.889049
3,7,-1.3740274,-0.5890391
6,5,2.0503056,2.4611259
4,9,8.409528,1.5623991
0,1,0.7820767,0.71098435
5,0,0.42277163,-0.11381368
2,4,-5.9610596,-0.28056595
3,3,-2.1020617,-1.710356
5,0,-1.692062,-1.7186648
8,3,0.1386668,1.7134165
1,8,-2.481766,3.1867628
2,7,-3.029754,-0.56327456
3,7,-2.3643837,0.93883353
7,6,2.3444238,-3.984467
2,7,-4.3428864,-0.82499367
8,3,3.081461,-1.1213722
8,7,-1.2573524,2.226971
9,6,-0.007472524,-4.4808564
5,0,-2.5353198,-1.4126045
7,2,7.370226,-8.910134
6,5,1.4796374,4.22043
1,3,1.1316068,-1.2846316
2,4,-6.9731817,1.6698934
4,6,2.2053585,-0.5578151
2,8,-1.9364722,1.8147414
4,9,6.6253915,-0.8023705
2,8,-2.8984337,0.8177014
0,1,1.3512795,1.607978
7,6,0.20881702,-3.6078289
3,7,-2.3532257,-1.9496596
1,9,1.287718,0.055721
5,0,-0.088896,-0.6922769
3,4,-3.2137897,-4.468182
5,7,-1.855236,2.246908
3,7,-1.9896488,-1.5284947
4,6,2.198802,0.7909876
4,9,4.501078,1.7201376
3,7,-0.05987612,1.5367216
8,3,-1.9916649,-0.8706452
2,7,-4.7934794,-0.6663969
4,9,5.5849433,0.6266161
4,9,7.2932315,0.628142
7,6,0.3790783,-6.635651
1,3,-0.09485524,-1.4407259
1,3,-0.41016454,0.35363317
7,6,-0.613271,-2.7938824
4,0,2.8574271,0.31563467
4,9,3.4036038,0.511234
7,6,1.8830044,-5.7373385
3,7,-3.1373887,-1.4717668
6,3,1.9511917,1.4254987
7,6,0.88861555,-5.202163
4,9,3.9561439,-0.67779106
6,5,1.1210607,4.527742
2,4,-6.4304147,0.85817474
9,6,1.1718671,-4.2244573
3,7,-3.3401897,0.95647436
2,4,-4.126191,1.7188697
8,3,0.7615011,-1.4676759
7,6,1.2428138,-4.3538995
6,5,0.22440535,5.868425
0,1,1.9136809,0.954236
6,3,1.1783459,2.3563235
7,6,-0.124566816,-3.649697
6,5,0.59223825,4.513528
5,5,0.8868879,1.275726
1,9,1.367565,-1.3810433
1,3,0.5692138,-0.7558495
0,1,1.7835718,1.3295174
5,4,-3.8759575,-2.6060905
1,8,-0.8085363,4.7095757
8,0,-0.23719214,-0.6350619
6,5,0.57279414,4.8238063
8,3,0.030117244,-2.2987473
1,3,-0.41970623,1.5967902
2,8,-2.195335,1.4477391
2,8,-3.1137037,1.0586816
8,3,1.2965581,-1.623371
7,6,1.3106016,-4.7879977
3,8,-2.6969402,2.6474419
0,1,2.2945526,1.8831089
6,5,0.72558576,3.9170015
8,3,-1.7299117,0.37594005
8,3,2.0123043,-0.30495688
2,8,-4.388485,2.3498442
7,6,0.4216654,-3.9897048
0,1,1.4522954,2.9663358
8,7,-0.8970197,-1.4861237
7,6,-0.4952007,-3.5495367
6,5,1.0166645,5.240323
9,7,-0.6773084,0.3391988
2,4,-6.103131,0.7337849
1,3,-0.1434139,-0.2868489
4,9,4.025765,-1.4968369
3,7,-5.1015134,0.8299215
3,7,-2.4180975,0.75714433
9,6,2.5854065,-5.16687
9,7,-2.4150963,0.58713317
0,1,1.239931,3.4213264
3,7,-3.3863642,-1.0168116
0,1,2.9317842,1.7157242
6,5,1.2509196,4.0480227
9,7,-0.70001227,0.7612248
8,3,-0.279619,-0.65783536
8,7,0.05987552,0.00339423
5,0,2.3294213,-1.0429578
8,3,0.23915593,-0.44605625
5,0,-0.53587914,0.39515346
9,7,-2.7078164,0.67291343
0,1,1.8558443,2.1332166
1,9,2.267556,-0.98586935
8,3,-0.64200336,0.27827674
9,9,4.4926043,-2.673197
5,4,-4.0434303,-3.3741233
9,7,-0.27611998,-1.349047
4,9,5.612624,2.5883868
0,1,1.0870949,2.7007933
6,3,1.6344243,1.5025487
9,6,-0.43106273,-3.5149534
0,1,1.1074473,0.3022345
7,6,0.7230682,-4.095731
2,3,-2.619184,-1.3882406
2,4,-4.7340574,-1.6349934
5,4,-2.3590262,-0.59343
3,7,-3.5327835,0.34814748
7,2,2.8419664,-5.4043927
6,5,0.94634706,4.148307
1,8,-2.4876382,2.5362654
1,8,-1.2586766,3.618035
7,6,-0.5314854,-3.8918164
9,7,-0.32670876,0.9792528
4,9,5.050649,1.4706135
9,6,1.150541,-3.5468836
8,3,0.29308313,-0.2798449
3,7,-3.4671903,2.1171753
5,9,3.8046184,-0.23013
2,4,-5.2583847,0.7443433
0,1,2.321677,2.989707
2,3,-3.4457996,0.0731671
4,9,5.120993,2.8109908
5,0,1.9324045,-0.9721213
8,7,-1.2158009,-0.41093352
0,1,1.672407,1.7164714
3,7,-3.4277437,-2.5196216
0,1,1.5973247,2.745195
6,5,2.2367647,1.8884145
1,9,3.3176916,-3.0385947
2,8,-4.263418,1.9322189
2,8,-3.5236313,0.82755667
0,1,0.6078883,3.5556118
8,3,0.8075369,-0.57524484
7,6,-0.929761,-1.9828194
7,2,2.745038,-5.4556866
9,7,-0.49360237,1.096619
9,7,-0.80675703,1.2257339
2,4,-6.7889886,1.3389559
8,7,-2.6704688,1.162846
5,0,-2.857065,-1.444048
5,0,-1.5337151,0.22789155
4,9,4.6046677,1.2010461
0,1,2.638208,1.08244
6,5,1.8151809,2.1590648
2,8,-3.5772514,-0.537782
1,3,-0.77768606,-1.7909863
2,8,-3.9782984,0.6507096
2,4,-4.7151065,0.80097455
6,5,1.0146897,4.030814
4,9,4.4502163,0.8211534
8,3,-0.35707518,-1.3542691
9,7,-0.83711684,-1.5746404
0,1,1.6000891,1.7702552
0,1,1.9622195,0.94019413
9,7,-0.13216567,1.0566826
3,7,-2.56922,-0.477392
2,8,-5.96675,1.8634185
6,5,0.6084994,5.920492
4,9,6.4584103,2.2231588
7,6,0.6140686,-5.460664
0,1,1.611146,3.31584
2,8,-2.1314166,0.81894857
8,7,0.43967208,-1.4946812
6,5,1.9035262,3.5756366
1,3,-0.1579691,-1.9033387
5,4,-3.2462904,-2.610726
5,4,-3.9710624,-3.088715
4,2,6.7773004,-5.94673
7,6,-2.1682353,-1.9983501
6,5,1.5695381,3.980929
7,6,0.43687332,-5.1617956
7,6,-1.3506737,-2.1750407
3,7,-3.7213953,1.579009
5,0,-0.58519226,-1.9531691
5,7,-0.586404,0.7202967
6,5,1.7525606,4.087026
1,9,2.2093308,-1.2296681
1,3,-0.46505165,-0.8493024
6,5,1.7558178,3.3591523
0,1,1.7392361,0.42535204
9,7,-0.13020892,0.267588
4,9,4.877337,1.0799341
5,0,1.4938599,0.10603209
4,9,6.5003004,-0.23259392
4,10,8.329321,2.6062353
3,7,-2.32927,0.47484142
0,1,1.8546693,1.4834203
1,3,-0.25216803,-0.8566746
2,4,-5.6239862,0.350981
0,1,1.3840466,0.39733538
3,7,-2.5876834,0.0034985032
8,4,-1.8303462,-1.034164
3,7,-4.5889125,1.0020945
5,0,-1.1981615,-0.26421687
7,6,0.70433134,-3.9329703
1,9,1.6944063,-2.0748098
8,3,-4.095565,0.80217016
4,9,5.969944,0.70746166
8,3,1.9759821,-0.39844593
1,3,-0.32107636,-1.2666298
3,7,-4.3553534,0.36331958
6,5,1.1653457,4.0917034
5,0,-0.39516863,-2.310685
3,7,-2.6627119,-0.73479533
4,9,5.7202725,1.2774178
7,6,-1.4827487,-4.0558414
8,3,-1.4157041,1.0311979
1,3,-0.6520313,-1.2881833
6,5,1.1593691,5.3998933
4,9,4.559385,2.3712432
9,7,-0.32579952,0.3440722
8,3,-1.8054725,-1.720756
7,4,-3.6262107,-2.358176
0,9,2.8540862,0.54162544
4,9,3.265758,0.40491113
5,0,-0.3901978,-1.1544132
2,3,-2.4604802,0.8867226
3,7,-3.9014819,-0.273792
5,0,-1.6893398,-1.7463415
4,9,5.5548744,2.7307196
7,6,2.8859713,-5.2983785
6,5,1.6610359,4.812986
2,8,-2.1503174,-0.74291795
2,4,-5.3101215,-1.2871194
1,3,0.7627404,-0.6432198
2,4,-6.4995003,1.0055859
6,5,2.125755,3.5263574
7,6,0.5329175,-4.234233
4,9,2.6684818,0.71345705
3,3,-0.4685501,-3.5752785
6,5,0.9419379,4.23266
0,1,1.6522684,2.8720028
1,3,-0.100567386,-1.3371358
0,1,1.1705807,-1.1869903
4,9,3.1282,1.5745502
7,6,-1.5660366,-2.8733094
7,6,0.21806733,-1.9428998
9,7,-2.013864,2.3761835
8,7,-2.7177997,0.66867477
8,6,1.9256397,-2.1244874
1,8,-0.9392512,4.010986
4,9,4.26175,0.42833036
2,3,-3.78473,-0.10491763
0,1,0.7004612,1.9527832
8,3,-1.8499091,-2.5803695
8,3,-1.5856242,-1.1837245
6,5,1.0002505,4.1092706
5,0,-1.1006565,-2.2560668
5,7,-2.5686517,1.18216
8,7,-0.35143605,0.15077159
8,3,-2.1269798,-0.68323946
4,9,3.1127825,1.0231442
9,7,-0.25173327,-1.129116
3,7,-2.5568764,-2.993414
9,7,-0.14535177,-2.4372528
3,7,-3.1011531,-1.3503389
3,7,-3.554408,-1.3383199
1,9,2.7986186,-1.7858437
1,9,1.7440029,-1.6284435
3,8,-2.3204916,2.1599898
6,5,2.2107494,3.0125406
2,3,1.4687217,-0.30640873
6,5,1.161419,2.763182
0,1,0.4730373,4.0473223
1,3,1.6401826,-3.703235
1,3,0.44326398,0.17269345
3,7,-3.0972083,-0.82259804
9,7,-3.4207842,0.638777
4,9,5.3761206,1.9572093
1,9,3.4866538,-1.9986708
9,9,4.217434,-2.8738425
6,5,1.6794326,3.8775864
0,1,-0.54093486,2.0219815
0,1,2.9180272,2.2515032
6,5,0.91307855,4.6870427
9,7,-1.3380963,0.49002188
1,8,-2.3767161,3.4377537
2,8,-2.7418015,0.6068272
9,7,-0.18491797,0.5920306
6,5,1.9102836,4.5786366
8,7,-0.473068,-0.011675088
2,4,-5.932779,2.9979506
3,7,-3.3213987,-0.33532086
7,4,-3.482877,-2.2703135
1,3,-0.13902701,0.80177283
8,7,-0.75676715,1.299862
7,6,2.366311,-4.582127
5,0,0.98919547,-1.0015833
8,3,-0.6659362,-0.045992706
1,9,2.7969556,-2.625866
1,9,2.5917,-1.5336993
7,6,0.42340153,-5.0781493
6,5,1.5790193,4.3602476
5,0,-1.8448558,-0.8976642
6,5,2.1529953,4.191634
4,9,5.1849666,0.82603985
7,6,1.6822892,-3.7518365
7,6,0.1419912,-2.8183863
3,0,-1.4071072,-0.46964577
5,0,1.6417269,-2.3371122
1,8,-3.1612406,2.7927449
4,9,4.495723,-1.2633301
8,0,2.0875611,-3.461899
1,3,1.2971902,0.15830553
6,5,2.1790328,3.1429513
7,2,4.5933933,-5.679796
4,9,2.742101,0.6534399
7,6,-0.5733319,-4.648386
2,4,-4.89959,1.7037807
3,7,-1.917333,-1.4943627
8,3,0.43931755,1.0578785
2,4,-5.544929,1.2869449
7,6,-0.66482776,-2.1709623
6,5,1.4469682,3.8139617
7,6,-0.3231523,-3.2292192
6,5,1.0186993,3.7417872
7,6,1.7132063,-1.9041013
3,7,-2.15287,-0.7783135
9,7,-0.31309938,0.7169662
7,6,1.4358681,-5.295011
8,3,-0.03961932,-2.2852051
3,7,-2.2940056,1.4201217
9,7,-0.7551283,-1.4931498
8,7,-2.527868,0.38787875
2,7,-0.85025483,0.72270614
7,6,0.8106718,-4.4854336
9,7,-1.4217317,-0.71452737
3,7,-2.2615323,1.2876625
0,1,1.4127032,-0.16861124
3,7,-3.4036272,-2.283972
1,3,-0.0014702262,0.8706311
2,4,-5.1364045,0.19099611
2,8,-2.859088,1.5752733
1,8,-2.3491592,2.7404072
5,4,-2.6600418,-0.5395805
3,7,-2.0933177,0.43797898
1,8,-2.1308746,3.2521954
0,1,0.009807597,3.1741195
4,9,4.605137,2.2754426
5,0,-2.5872192,-2.0454044
2,4,-5.144721,1.0074705
9,7,-0.7581502,-0.10469717
4,9,2.770557,0.95467013
4,9,4.468992,-1.3426137
0,1,1.981498,1.4207506
0,1,0.9897085,3.7380066
5,0,-2.8654683,-0.16331841
1,9,2.40336,-0.87907326
9,0,-2.2423246,-2.0158806
1,3,1.9962146,-1.0008947
9,7,-1.0757717,-1.0266026
4,9,5.4087358,1.2529662
1,9,1.3661695,-1.6277229
6,5,1.3002177,4.510792
2,4,-5.532292,2.4110687
7,6,-1.2166632,-3.5985537
5,0,1.2547498,-1.6842078
3,3,-1.281156,-3.389803
1,3,1.2558126,-0.46883017
5,4,-3.3613484,-2.9633765
2,8,-3.9887235,2.3330877
0,1,1.1823506,1.3925793
1,8,-2.7582283,2.9523022
5,4,-4.980895,-2.6198914
5,0,-1.7460144,-1.0863001
2,3,1.3016768,0.31710055
7,6,2.4179401,-2.6966646
3,7,-3.5162911,-2.9336488
9,7,-1.6625854,1.6936322
3,7,-3.0226073,-0.20155574
3,7,-1.2327691,0.52345806
2,8,-3.583195,0.54169333
4,9,4.597866,0.39365745
3,7,-1.9627683,-0.7093345
4,9,3.9721236,2.8509526
0,1,1.5912095,1.8421174
8,7,-1.8105776,0.2312786
3,7,-4.5010643,0.86421305
4,6,-2.1208363,-1.8567868
4,9,5.9818807,1.0356117
8,3,-0.16649076,-0.93385166
9,7,0.27034312,-0.044337504
0,1,0.65746456,0.60169566
9,7,-1.9705245,-1.444729
9,7,-1.8529519,-1.2925535
6,5,0.9646907,4.603321
8,0,-0.856377,-0.5857569
4,2,6.3264117,-6.4645157
7,6,0.33491963,-3.7815325
5,7,-4.1316614,2.926573
5,0,-2.01986,0.25233406
1,3,-0.15789223,-1.1675392
0,1,1.3494025,3.0062819
2,4,-4.215871,2.686067
1,3,0.05156089,-0.3390326
6,5,2.294712,2.0284982
1,8,-2.7146685,3.526414
6,5,2.263379,3.5719202
9,7,-1.9978312,-0.5646414
7,6,0.23471896,-2.8783357
9,7,-2.295538,0.19705313
9,9,3.6290877,-5.0042634
8,3,0.43165407,0.21256644
2,3,-3.31849,-0.7118837
5,0,-1.543577,-2.3415122
6,5,0.10888408,4.771922
2,4,-4.85951,0.8239521
7,6,-0.49734807,-2.63324
0,1,2.011288,0.2941349
1,9,2.6872017,-1.2050499
9,7,-1.5518844,-1.4526119
8,3,1.2045504,-0.9768793
1,3,-0.23578319,0.7297927
2,3,-3.1032608,1.5319701
2,4,-4.152762,2.0196123
0,1,-0.40822932,2.0971873
3,7,-0.5510107,0.7572773
9,9,3.5138702,-2.9363596
3,7,-2.3630366,0.6567702
1,3,-0.54938436,-0.9995973
7,6,-0.16864297,-3.7875493
8,3,-1.2483937,-1.8839281
2,8,-1.4793122,0.40351927
4,9,3.0669267,0.34237617
1,9,2.5977967,-2.7781384
4,9,4.4189415,0.56524736
6,5,1.2963973,4.0873413
6,5,0.7087655,4.271779
6,5,1.3764629,4.4586625
0,1,2.213793,0.7097342
8,3,-0.9608013,-0.60065377
5,0,-2.5089688,-0.18641935
2,4,-4.474779,2.6299834
0,1,0.04118773,3.3261688
2,4,-5.381603,0.7821754
9,9,4.2893925,-3.2417047
4,9,6.0351152,-0.61601424
5,0,-2.7109869,-3.793857
2,4,-5.453522,1.769484
6,5,0.99300975,4.6065574
1,3,-0.65915656,-1.106644
0,1,1.6331336,2.2906368
1,3,0.60575795,-1.4132782
3,7,-2.665118,-0.35355058
6,5,1.3042253,4.5243053
8,7,-2.7011275,1.0047303
4,9,4.9571924,1.1593143
9,7,-1.2771794,1.4434533
6,5,2.353067,1.3859932
6,3,2.9413848,-0.10076059
5,0,-0.905487,0.2686271
5,0,-1.4333569,-0.63170815
2,3,-1.6687307,-2.301437
4,9,4.845841,-1.6219794
6,5,1.257575,4.1809044
0,1,0.9630106,3.0669787
7,6,1.5966947,-4.6751256
5,0,-0.3980202,0.15108317
9,7,-2.3480012,1.4770564
0,1,2.0238564,3.4582028
5,7,-2.1343348,0.6788849
4,9,3.9200733,-1.1960222
5,0,-2.2324932,-1.9741769
1,8,-1.0928183,2.5383985
6,5,0.44496876,3.8206868
8,3,-0.4612239,-1.5507065
2,8,-3.6524482,1.230909
6,5,2.4292595,4.0360265
1,3,1.286141,0.4102595
7,6,-0.47726238,-3.9371145
5,4,-5.5729446,-2.850707
4,9,3.2286146,1.4447465
9,9,3.1908574,-2.289264
2,8,-0.23849721,0.64133334
0,1,2.482547,3.6080434
7,6,0.52779067,-2.6887283
5,7,-1.5774449,1.1319915
4,9,4.815765,0.0054893754
0,1,2.1250474,2.0303488
4,9,4.1614556,-0.54024285
9,7,-1.9285167,0.14665686
0,1,0.97020185,-0.49147847
7,6,-0.37162915,-3.3558898
3,7,-3.0465896,0.16614428
1,8,-1.9701335,3.9282901
9,7,-1.0973271,1.6205065
4,9,5.164275,-0.688003
9,7,-0.8700324,-0.19477041
2,3,-3.1976416,0.5802425
3,7,-2.5410197,2.3546154
3,7,-4.6543202,0.4883701
3,7,-1.9605703,-0.7873206
5,4,-5.109825,-2.7751706
3,7,0.4276575,2.017872
6,5,2.1276214,2.82158
9,7,-0.71125644,-0.25327542
9,7,-1.6985519,-0.05348814
7,6,0.06380359,-2.7375903
9,7,-1.1943315,0.43085095
1,9,3.2971969,-2.764927
5,0,-0.6494873,-1.1387322
6,5,0.17733407,4.7882824
9,7,-1.1193894,-0.0216236
6,5,0.6002816,3.051041
2,4,-4.4855466,1.9908959
6,5,0.92109525,3.2613335
4,0,2.7823083,0.29785934
8,7,-1.5749142,-0.2527244
2,8,-3.5416498,0.5483183
5,7,-1.3015273,1.1478633
9,9,4.951717,-4.485965
6,5,2.1583433,3.6204085
0,1,1.3883013,-0.034995392
6,5,1.7930428,4.0376883
5,0,-2.2391572,0.6749505
6,5,2.5382333,3.0937445
2,4,-5.394854,0.2425499
7,6,-0.25215548,-6.44765
9,7,-3.921335,0.64309543
2,3,-4.148649,0.016350951
5,0,-2.1522956,-2.9640512
9,7,-1.1953325,0.48734897
0,1,0.5297897,3.5682054
6,5,1.0754913,3.835273
5,7,-1.6079773,-0.19674627
3,7,-1.4114795,-1.0829353
5,4,-2.8740752,-1.936185
3,7,-2.4475594,1.7338574
8,3,1.5495487,-0.7183374
1,3,0.87359583,0.5629595
9,7,-2.6305459,1.5433038
7,6,-1.3178747,-3.3175313
4,9,4.8102837,0.93686444
4,6,-1.0778718,-1.6702393
0,1,2.677577,2.8719206
1,9,2.5463994,-1.752233
0,1,1.3195102,1.6940504
2,8,-3.4884057,1.323015
3,7,-1.3046167,1.8411845
0,1,1.6714414,0.99479705
8,3,-1.1614836,-0.5128822
7,6,-0.833083,-3.4037964
5,0,-1.2657945,-2.1753635
7,6,-0.67274326,-2.4734378
2,8,-3.3510292,0.69753814
8,0,-0.21365234,-1.2989914
2,8,-2.7060423,0.4599773
1,8,-2.6490088,3.46174
3,7,-2.443442,0.3096411
8,0,0.5352797,-1.1988698
7,6,3.2683077,-2.8396769
1,3,1.4326851,-2.4995172
5,0,-1.3791213,-0.04026279
0,1,1.2460141,2.6721585
4,9,4.077765,0.50747323
4,9,2.6555505,0.6588783
5,0,1.1965094,-1.6978704
4,9,6.3513045,0.04682735
9,7,-1.5750414,-0.47497582
2,4,-4.971117,0.31267264
9,7,-1.4010814,0.8426035
3,6,-0.18570133,-5.4633946
4,2,8.122851,-4.316866
6,5,0.88295805,3.2907414
0,1,2.2514305,0.96729827
4,9,5.386368,0.62390894
0,1,1.9186417,3.7846372
7,6,1.7681317,-2.4015749
3,7,-1.080937,-2.8970265
6,5,1.5420473,4.050853
0,1,3.288284,2.4370563
1,3,0.5665988,-1.9504702
4,9,3.6938322,1.7491331
9,7,-1.8759747,1.0827464
2,8,-1.4273885,-1.0351206
3,7,-2.783741,0.83536994
6,5,1.1241802,4.19196
9,7,-4.341568,-0.012469294
0,1,1.4340863,2.775677
7,6,0.96662307,-2.2412221
5,4,-4.192097,-2.5259209
8,3,-1.5653068,-0.36925712
7,6,0.46072638,-2.7379785
6,5,2.1074798,3.6646683
3,7,-1.437343,-1.1079161
1,9,2.6468742,-1.2308679
7,6,1.0897228,-3.7017608
8,3,0.15775238,-0.67930186
4,6,2.0774796,-2.2679799
3,7,-4.456184,0.27951366
1,8,-1.9209322,3.7999225
4,9,5.1049557,0.41554245
7,4,-2.6244235,-2.9193964
7,6,-0.23307367,-4.096446
0,1,0.68082064,3.5094771
1,9,1.8722128,-0.9220549
7,6,0.5394651,-4.5049667
5,4,-2.897157,-2.1812541
1,3,1.5728964,-1.5465583
4,9,4.2791276,0.49475038
7,6,-2.1590059,-2.4055028
6,5,1.5977204,3.9190629
1,3,0.2795012,-0.28323272
2,8,-2.3321636,2.0199955
0,1,1.9779168,2.5416045
1,9,2.4792213,-1.2779385
9,7,-3.3706677,0.8080259
0,1,1.3440927,1.5861589
5,0,-1.4140847,-0.42469385
3,7,-4.448735,-0.52201
4,9,4.5218744,-1.4406564
3,7,-2.9721515,-1.357872
5,7,-2.2297156,2.2767444
5,0,-1.8117626,-0.7404412
6,5,1.3936005,3.1244211
6,5,0.9390294,4.324392
5,0,-1.7009296,0.4385867
5,0,-0.3476326,-0.7104808
2,8,-3.1360142,1.4113069
8,3,-1.7705187,0.35031307
7,6,-0.9250704,-3.1204174
5,7,-1.5985096,1.1897099
4,9,3.4085379,0.12468848
5,4,-4.220546,-3.1171563
2,3,-3.7949057,0.22515245
3,7,-2.331434,-0.27879122
6,5,0.41064405,4.9364595
2,4,-4.7620506,0.6316556
3,4,-6.040959,-1.9244095
0,1,1.0902556,2.4149468
3,6,-1.4361069,-3.094824
9,7,-1.8135252,-1.1976657
8,3,-0.73960656,-0.95665586
4,9,5.6365623,1.0052347
3,7,-1.9518712,-2.8623972
3,7,-2.2312276,1.2860417
9,2,5.5141435,-8.750183
9,7,-1.4079363,-0.28286278
9,7,-2.24998,0.30800217
5,0,-0.37661746,-0.5249719
3,7,-3.6050427,-1.703397
4,9,3.9691544,0.15032822
4,9,4.188727,2.130908
5,7,-3.8769884,0.3994726
3,6,0.1471594,-4.8864098
7,6,0.50226426,-2.425802
2,4,-4.400628,2.7113364
6,5,0.5790867,6.0375586
3,7,-3.2815971,1.6330708
6,5,1.8251896,4.3296847
9,3,-2.1060538,-2.7063017
1,8,-2.0201008,3.1066825
9,7,-1.4103175,1.2268949
9,7,-1.627367,1.001337
4,9,4.5077763,1.6457199
1,9,1.8214211,-1.564074
7,6,0.6469039,-2.9077816
6,5,1.436689,4.1972094
6,5,1.3255382,3.0253522
6,5,1.6220565,3.9044902
9,7,-2.829441,1.4463494
7,6,-0.017656578,-3.7360578
8,3,1.177559,0.23008642
6,5,1.9323634,3.7220104
8,0,-0.109895825,-0.95107096
4,9,3.9567194,-0.30985716
5,7,-1.9973904,2.0942976
2,4,-6.4336977,0.8116298
9,7,-0.6525284,0.75470734
0,1,1.7897984,1.7463412
7,6,-2.0758429,-0.6523006
7,6,-0.4329245,-3.2151227
3,7,-1.4690095,-3.9093003
9,7,-0.36992994,2.1259916
1,9,2.59329,-2.3903496
5,0,-0.68169385,-2.8732607
9,7,-2.2430754,-1.3195161
3,7,-2.7804263,-0.66662705
4,9,5.837315,1.2909181
2,3,-3.3752096,1.1286213
9,2,5.3689494,-4.9943204
0,1,0.49139813,1.9894589
9,7,-3.5644104,0.86210144
1,3,-0.31935665,-0.33699548
5,0,-1.5151597,-1.1463931
0,1,1.2947762,0.90077734
0,1,1.1015491,3.3710835
0,1,1.3745534,1.47831
0,1,1.4966961,2.9704282
2,8,-2.3951225,-0.17405201
0,1,2.633294,2.3956964
5,0,-2.2188883,-2.134964
0,1,1.2293068,3.090943
1,9,1.9880971,-2.5019083
7,6,2.6382163,-6.7858434
7,6,0.70796806,-3.0138261
7,6,-0.9805065,-2.7650163
0,1,3.2325938,1.8741999
0,1,1.6145018,2.8685524
9,0,-0.29155558,-2.8780804
1,3,-1.6535211,0.8773235
4,9,6.115303,3.089753
8,7,-1.0567374,0.6729846
7,6,-0.9110576,-0.8673487
3,6,-0.1127572,-4.3402205
9,7,-1.2258154,0.9775906
5,0,-1.8954912,1.2081474
6,5,0.7821119,4.082452
1,3,1.6102735,-0.855024
5,0,-0.25222784,0.2750005
0,1,3.1916702,0.29053977
3,7,-1.9826361,-0.64055115
3,7,-2.323363,-1.0510691
7,4,-0.32800293,-0.60254073
7,6,0.42909727,-2.0868273
9,7,-0.41294706,0.9266965
5,7,-0.37735233,-1.9777374
1,3,-0.6683011,-1.5262322
7,6,2.0232031,-6.0743303
0,1,2.747513,1.8713701
1,3,-0.12849015,-0.0037583362
5,0,-3.19242,-3.9519453
8,3,-0.56311387,-0.9491015
9,7,-2.506979,0.3652879
5,0,0.5693859,-1.1061565
5,0,-1.9885625,-2.5240693
5,0,-1.1494657,-1.3033082
9,7,-0.97650737,1.3401223
8,3,-0.8930571,-1.1279858
0,1,1.8685876,1.6031477
5,0,-1.4081063,1.5469317
9,9,3.2662482,-4.0488615
8,7,0.34849408,-0.65922236
8,7,-0.7976112,1.5125432
7,6,0.1396645,-3.872973
6,5,1.810392,2.4106002
8,7,-2.2050436,-0.8599332
0,1,2.8563857,1.4253454
9,7,-0.27114224,0.7189862
7,2,3.621113,-8.775134
1,9,1.9716661,-1.196795
0,1,2.928922,1.8288248
0,1,2.3579335,1.7684667
2,8,-0.38397133,0.83355874
2,3,-1.3698763,-1.4174739
4,9,3.9256384,-0.46196133
8,3,-0.62169355,-1.5736313
7,6,3.6707175,-4.373641
5,0,-0.32609707,1.4598261
0,1,2.7449276,2.4335308
9,7,-2.0118973,-0.2546812
9,7,-1.9475547,0.15869792
7,6,-1.8221976,-1.8273755
4,9,5.4133363,0.85967946
6,5,1.4511442,2.204902
4,9,5.076124,-0.72005576
2,4,-6.153268,1.6094601
6,5,1.1739901,3.2908187
5,0,1.029966,-3.0554686
3,7,-3.8626864,0.7432651
1,8,-2.3703413,2.7694342
2,4,-6.6728826,-0.0037358622
7,6,1.2642558,-4.6562223
6,5,2.2157292,2.223991
7,6,2.0569205,-5.00511
8,7,-2.4417207,-0.546321
8,3,0.4290605,0.49703142
9,7,-4.0315824,1.7443465
9,7,-1.9099874,-0.644108
7,6,0.35604492,-3.1061604
7,6,1.0919528,-4.2421875
5,4,-3.6920376,-2.0063007
3,7,-4.0092387,1.2083474
3,7,-2.2580075,1.9754338
6,5,1.8227469,2.6022534
1,3,0.5888164,-0.9243785
2,3,-2.2310705,0.067845024
5,0,-0.6168573,-2.0903013
7,6,-0.7175795,-3.1030352
1,8,-1.7942387,3.392645
1,3,0.0033893925,-0.28814563
0,1,0.55875236,1.5877333
2,4,-6.662815,0.646036
2,3,-1.9427532,0.5899433
6,5,1.1473383,4.571317
6,5,0.65863854,4.824799
2,7,-3.6132305,-0.025981443
1,3,-0.09167419,-0.12337922
0,1,1.315857,1.9744637
8,7,-1.0340403,-0.27999154
6,5,0.58036935,4.5033655
2,8,-3.3230631,1.0894319
2,8,-2.632417,1.4650382
2,4,-6.995306,-0.6974538
5,0,-0.99902636,0.8515735
7,6,2.0215712,-4.6483216
5,0,0.28567785,-0.3083369
3,7,-1.8413703,0.6084737
5,4,-2.5830553,-2.0747685
6,5,2.2787893,4.4521036
7,6,0.903965,-4.595219
9,7,-2.403722,1.0750408
3,7,-1.8207262,1.6411229
6,5,2.569669,3.5250206
9,7,-0.35584196,0.3998423
1,3,1.5667213,-0.32447493
8,6,0.30796286,-1.704556
9,7,-2.8030696,2.051876
6,5,1.2083741,4.3374453
3,7,-3.12194,-0.61780596
1,3,0.088677205,-0.6847405
5,7,-2.6837692,2.0864177
8,7,-0.85725176,0.7163311
3,6,-2.9964483,-5.567396
6,5,0.98467064,3.1532862
1,3,1.9161749,-3.0534456
4,9,5.1269045,1.413673
5,0,0.60367584,-1.5937368
5,0,-1.5150478,-1.4620757
5,0,-1.1803958,-1.2250329
8,3,-0.6100907,-1.3047289
1,3,1.0149128,0.41834188
1,3,-0.031976916,-0.94566137
4,9,5.898456,1.7097639
5,0,-0.59853375,-1.5176901
6,5,1.9181377,5.541871
3,7,-3.5474398,-1.8427616
4,9,3.4469573,0.35578135
8,3,-2.6667316,-2.430984
1,3,-0.3850033,-0.42829797
8,4,-2.8235083,-0.5600297
0,1,1.8642339,1.5884571
5,0,-1.289048,0.2314757
4,9,4.6188903,1.2300684
4,9,5.181104,2.0735023
8,3,-0.58779204,0.3700396
0,1,1.0087532,3.3250098
7,2,1.7432482,-8.3976
8,7,-0.9451281,-0.2516487
2,4,-6.35941,0.51813793
3,7,-4.005588,-0.7732139
6,5,1.1484755,5.110193
3,7,-3.6877992,0.029328972
1,3,-0.15333511,0.49084458
6,5,0.76045495,4.6490035
3,7,-2.8134928,-1.4463658
1,3,-0.6230732,-1.3828648
0,1,1.4834894,1.6638156
8,0,1.5112095,-1.707913
7,6,0.21971573,-2.3657763
1,3,2.0528526,-1.0870426
7,6,0.31000376,-3.301534
9,6,-0.43405586,-3.8601165
3,7,-1.6626471,1.8716935
7,6,3.6678321,-4.7648807
7,6,0.5924251,-3.9142723
8,0,-1.5253404,-1.9461377
5,0,-0.021830224,1.910842
3,7,-3.8526978,0.4079715
4,9,5.1854305,0.80355895
0,1,0.7952606,2.472753
7,6,1.9322778,-4.61683
5,0,-1.4683659,-0.99416596
9,7,-1.1086096,0.08870909
3,7,-4.83041,-0.7448172
8,3,-1.2200708,-1.3095517
5,0,-0.81574345,-0.8328207
2,8,-4.0061884,2.0037873
1,3,-0.19420871,-0.7823629
2,8,-3.011205,0.9138235
2,4,-6.12876,1.6015198
9,9,2.7005267,-3.5675325
7,6,-0.26596448,-1.0842746
1,3,0.60188776,-1.2894696
1,3,1.4272023,-0.9117335
0,1,1.2734582,2.2373235
1,3,0.55752844,-2.026348
8,4,-2.631273,0.43895298
5,4,-4.1438084,-1.6782523
5,0,-1.4124347,0.86954
5,0,-1.8963336,-1.7303388
6,5,1.868118,4.1385784
5,0,-0.18467407,1.2233982
3,7,-3.206325,-2.5778086
6,5,0.9160968,2.9272246
9,2,5.4079657,-4.913659
4,2,9.979782,-5.012205
1,3,0.18656929,-0.5138124
3,7,-3.9404445,-0.6120841
6,5,1.723955,3.811932
0,1,2.2510896,2.8804164
2,8,-2.7137594,2.1352365
3,7,0.16920741,-1.1462531
6,5,0.82876664,4.3143325
4,2,7.4104123,-1.5632381
4,0,1.3822798,-2.5603366
7,6,0.44313782,-2.5602133
2,4,-5.0591025,1.2978424
7,6,-1.0616632,-2.8642716
4,9,5.2159715,-0.12915559
4,9,4.6782403,-1.3306345
2,4,-4.8793726,1.6551609
6,5,0.8721071,4.466405
7,6,0.6293654,-3.2106767
1,3,-0.004559959,0.41451985
2,4,-4.991401,-0.49944296
8,0,-0.13330935,-1.3851702
4,9,3.2214055,0.73606914
2,8,-3.977533,1.076554
6,5,1.7160338,4.260452
9,7,-1.7028048,-0.7393989
8,5,0.63249314,0.78075045
8,7,0.015662238,-0.5504579
4,2,7.3743834,-2.6024837
0,1,2.5814414,0.6325741
8,3,-1.7009286,-1.5591111
4,9,4.317242,0.97325224
8,3,-0.30679104,0.0031149525
4,9,4.022656,0.9254295
9,7,-2.0060995,-0.28970227
4,9,5.004305,0.18781683
6,5,1.7623087,2.8547652
2,3,-1.3877996,-1.3808163
3,7,-1.2407286,-0.29095343
0,1,0.13751766,2.7594132
4,9,6.0523458,1.7489845
8,3,-0.19458479,0.8985094
2,8,-2.685847,-1.209954
3,7,-3.5560107,-2.1175997
6,5,2.103553,4.3028417
8,4,-2.652855,-0.9512281
5,0,-1.5622377,1.011661
8,7,-2.844709,2.1364512
9,7,-2.5851288,0.5769606
0,1,2.5893424,2.915245
0,1,1.0805838,1.5466044
3,7,-1.8431487,0.45503503
0,1,2.42256,1.4292127
4,9,3.6191504,-0.19161484
1,3,-0.34911683,0.06153785
7,6,2.4378345,-3.8032622
3,7,-2.0481079,1.0008905
2,7,-3.286684,1.1169151
0,1,1.0518234,1.9063303
6,5,1.4338231,2.9570215
4,9,4.4455748,0.46814314
1,9,3.262451,-2.987136
6,5,1.5061868,4.4780035
1,9,1.7848684,-2.0126255
4,9,4.740791,1.1680378
4,9,6.01992,-0.95989114
3,7,-4.1881523,0.6171646
7,6,-0.057822295,-1.2530105
9,0,1.6035153,-3.2276518
6,5,0.7052289,4.068524
4,9,4.5398536,-1.4157629
0,1,0.77643377,2.2951808
9,7,-2.4691331,1.4880375
2,4,-5.449639,1.96469
1,9,1.9507068,-1.2341013
7,6,1.0207982,-3.3693776
1,3,-0.27479297,-0.35587886
3,7,-3.4664876,-0.48885646
9,7,-1.028061,0.9555289
4,9,4.3307953,-0.24219725
2,8,-1.0729702,0.8426033
4,9,5.549361,0.6261197
4,9,4.712763,0.51727927
4,9,4.124009,-0.4375857
1,8,-1.5851877,3.9004383
9,0,-2.1467593,-1.9725065
2,4,-5.16912,0.53604543
8,3,-0.92626405,-2.2523906
9,7,-3.1713426,2.7934077
6,5,1.0223294,4.9914575
4,9,4.0786324,-1.5792489
0,1,0.92932725,2.051557
7,6,-0.95052236,-3.3724015
3,7,-3.313733,-1.5101477
5,0,-2.1148062,-2.0348716
0,1,1.1449778,3.7266903
0,1,2.1301749,1.6672907
4,9,3.6633062,0.8795368
8,9,1.8960586,-0.1180008
6,5,1.3719665,3.3009746
4,9,5.5127883,0.6280963
3,7,-2.1864228,-1.6435841
0,1,1.8172064,2.682896
7,2,3.2443383,-5.429458
6,5,1.4382616,4.1972528
6,5,0.9728776,3.9643304
2,3,2.069246,-1.1463028
9,7,-2.2277617,-1.0541378
2,3,-3.8064399,0.07044332
0,1,-0.661513,3.6369426
7,6,-0.46580455,-3.783308
1,3,-0.034956597,-0.99899477
7,4,-3.8204982,-3.1411698
2,4,-3.682297,2.5683541
2,9,3.103793,-2.7994368
2,3,-3.8117254,0.66656876
0,9,3.9041162,0.5150132
1,3,0.90992093,-0.93715966
7,2,2.2580597,-6.1600485
1,3,-0.0952801,-0.8795296
1,3,-0.3308131,-1.0629348
2,8,-1.4685551,-0.19234374
3,7,-4.0782022,0.49334946
8,3,-0.81177443,-1.4510425
8,3,-1.6000682,-1.0182117
3,7,-2.5592422,-2.751216
0,1,1.9151378,0.71318084
9,9,4.085579,-2.7308385
8,3,-1.0314246,-0.80130786
9,7,0.10269643,-0.79238546
4,9,3.6639445,0.21013153
9,7,1.0757557,0.38080025
3,7,-2.5191243,0.12290861
7,6,0.9089997,-4.533716
9,7,0.74970293,-0.17250995
9,7,1.267323,-0.15957041
1,3,-0.33090085,-0.7182036
6,5,0.34338903,5.544986
4,9,6.731044,1.3494949
7,6,0.77236545,-3.7481441
1,3,0.69776046,0.90873384
8,7,-1.1263975,-0.1490439
5,0,0.34361616,-1.3043585
2,7,-4.1181493,-0.27459875
5,0,0.47658396,-0.26849094
5,0,-1.8138518,-2.4577432
0,1,0.06753178,3.1194656
6,5,2.0078695,2.7033818
6,5,1.8726759,3.8465304
5,0,-1.9304621,-0.62337875
9,7,-0.23378079,1.1724225
8,3,-3.005656,-0.55962986
1,3,1.088943,-0.31248108
8,3,-0.02155801,-0.7096267
6,5,2.2153904,3.461008
9,7,1.003648,-0.5150023
2,8,-3.6960204,-0.8464065
0,1,1.1580056,3.2890918
5,0,-1.7816564,-1.6950221
1,3,-0.02737996,-0.92779195
2,3,-2.793875,-0.30024448
2,8,-2.9319904,3.1020136
1,9,1.8431075,-2.0863824
9,7,-0.97227335,0.66804993
5,4,-2.902929,-1.8839731
1,9,1.2796246,-1.3932312
9,9,2.8803008,-2.034587
6,5,1.2579613,4.056418
7,6,-0.26345888,-3.6720362
1,3,-0.65658295,0.03443652
1,3,-0.58974284,-1.5926318
5,0,-0.9364083,-2.6154752
7,6,0.7944481,-4.562393
8,7,-1.3089392,0.5175294
4,9,4.6837587,1.5863854
7,6,-1.0778946,-4.308252
2,4,-5.823326,0.19757786
6,5,1.7994204,4.409743
7,6,0.2529691,-4.6094203
5,0,1.5681071,0.43848136
3,7,-4.2224436,1.2383022
9,7,-2.6628501,-0.42723772
9,7,-0.53782016,0.77727634
2,4,-4.9587784,0.594025
9,7,-1.1230974,1.5567261
7,6,1.8974978,-3.3900926
8,3,-2.4517796,-2.428607
8,3,0.09172811,-2.1511714
9,7,-1.7151078,-0.8057979
3,7,-2.767031,-0.20877956
1,3,1.2001377,-0.61963445
3,7,-3.9085262,-0.11987349
5,0,-1.4923549,-3.1094918
0,1,1.3336891,4.1041007
7,2,5.5580535,-7.931193
7,9,4.4375153,-5.145371
7,6,5.1135163,-4.1428566
1,3,-0.57930243,-1.0764192
6,5,1.2943889,3.44045
4,9,3.5144415,1.7541343
7,2,4.506499,-8.143824
6,5,2.0799963,2.2636817
5,0,-2.6326697,-1.9443791
4,2,6.0723605,-3.1091175
1,3,0.6475108,-0.7610479
9,0,-1.9384044,-3.3136353
4,9,3.111714,0.23666395
3,7,-3.3844872,-0.32072416
0,1,1.0829986,1.5468243
1,9,2.0489438,-2.4787374
6,3,1.7841766,1.4289445
7,6,1.6812445,-0.391142
2,4,-4.1063714,3.1290221
3,7,-3.7718692,-1.5733238
8,7,-0.007805089,0.3236904
2,3,-2.0065987,0.87261695
8,0,-0.7090251,0.14443879
1,8,-2.4573998,2.8688333
2,8,-2.411369,1.3135909
9,7,-1.7733556,0.24116755
6,5,1.4399444,2.2799664
9,7,-0.784759,1.1822071
8,0,1.2818959,0.2811563
4,9,5.630807,1.2975459
3,7,-0.94233745,1.3874878
2,8,-3.504429,0.75686115
7,6,-1.4833823,-3.4801536
5,0,-0.035240512,1.9037673
3,7,-3.3211381,1.1252972
3,3,-3.2534478,-2.743414
1,3,0.13931186,-1.0665599
3,7,-2.7791202,-2.3572378
8,7,-1.372876,0.32305032
8,7,-0.45828992,-0.906041
9,7,-3.4816432,0.38517073
6,5,0.2819924,4.295823
0,1,1.300183,3.1389043
3,7,0.12620749,1.7845961
7,0,1.4331456,-3.1077588
8,3,-0.54146117,-1.9524705
3,7,-3.3285959,0.93652064
7,6,0.21884897,-0.9470897
3,7,-5.3533773,0.21556385
4,9,4.144341,1.5686626
8,7,0.60445136,-2.2814162
6,5,0.63557494,4.1948757
6,5,0.075125195,3.988903
0,1,1.8864323,2.476987
4,9,4.085784,0.5906997
9,7,-0.8825502,-1.090449
9,7,-1.233054,-0.30476794
8,3,-0.5013029,0.58506083
1,3,0.7587664,-1.8149629
2,8,-4.0397787,1.5267395
8,0,-1.4971031,-1.7491359
7,6,-0.8506274,-2.4277682
0,1,0.6524252,1.7607863
7,6,0.279692,-2.8858256
6,5,1.1053599,5.091527
8,7,0.3984921,-0.87656355
3,3,-1.131649,-2.5026965
3,6,-1.3979776,-4.1849284
3,4,-4.7320933,-1.824879
4,9,4.532676,0.3119905
3,7,-1.5893832,0.86449397
9,0,-0.121678844,-1.9102188
2,7,-3.7288134,0.43636042
4,9,6.0673537,-1.1214831
9,7,-1.9603577,1.5512896
8,7,-3.952268,0.2752781
6,5,0.04643987,6.4216523
5,0,-0.12342491,0.5163079
1,3,1.1037861,-0.5824275
5,0,-1.5849595,-3.423087
6,5,1.6934403,4.1342316
3,3,-3.5503263,-3.9353056
9,6,0.701284,-3.852649
1,9,4.01285,-2.7362814
2,3,0.5709636,-1.2064557
3,7,-3.2125566,-0.29612154
1,3,-0.14058897,-1.158184
7,6,1.4149415,-1.9539355
6,5,1.8260787,3.3479407
5,0,-1.0338136,-3.2457
4,9,4.2106156,3.0644548
9,7,0.10430155,-0.25495315
9,7,0.78476024,-1.2220484
1,9,1.7520083,-1.0489889
2,4,-6.5983105,0.5192178
0,1,1.2357926,1.3805794
8,3,-0.41695845,-1.1680955
3,7,-0.9399726,1.1926615
1,3,0.7595499,-3.216273
1,3,1.4444692,-3.5186229
1,3,0.3556325,-0.7095806
5,0,-1.8666143,-0.4952521
9,9,4.066801,-4.976498
1,3,-1.0120287,-1.3812044
7,6,-0.60596305,-2.2994823
4,9,4.1868916,0.8345684
7,6,2.0251281,-1.046406
7,6,3.2474039,-4.3903995
8,7,-0.7525438,-0.14735043
5,0,-1.7679996,-1.178441
6,5,1.7300414,2.8182569
8,3,1.8050374,-0.6696078
1,3,-0.59542626,-0.5859882
8,7,-1.8972592,-0.060191758
5,0,-2.9016802,-3.608394
0,1,0.90238386,2.1825469
4,9,6.971857,-1.2738162
8,3,0.371569,-1.4926796
4,9,5.5500903,2.1038961
4,9,6.1443114,1.5809233
6,5,1.2353446,4.419601
3,7,-0.98277014,-2.99978
1,3,0.10228983,-0.5451555
1,3,1.3546758,-1.2262034
6,5,1.1165026,4.3844233
7,6,-0.8491762,-4.294728
9,7,0.52443653,-1.0772735
7,6,-0.03266421,-2.8594983
5,0,-1.4454507,-0.7594202
8,7,-0.96024215,0.074358396
3,7,-3.218107,-1.564339
9,7,-0.25907367,-0.8479382
7,6,1.5197405,-5.4425654
5,0,-2.9231846,-2.119888
7,6,1.8837686,-4.811432
3,3,-2.3909333,-2.5489388
5,4,-4.3972864,-2.5599651
9,7,0.9943644,-2.2437036
9,7,-1.6999505,2.1984866
0,1,1.0968851,0.48758954
0,1,2.2783515,3.0818987
4,9,3.9424605,-0.13529216
1,3,0.27792987,-0.43273467
9,7,-1.8250631,-0.24047679
9,7,-2.6180573,2.0481498
6,5,0.5291781,3.9728544
0,1,3.1645367,0.49940726
2,7,-1.225038,-0.5343674
2,3,-3.280127,-0.32299545
4,2,6.7500286,-2.6238954
5,0,-0.44419968,0.51590717
2,3,-2.5774276,-0.583146
4,9,5.3726325,-0.07079708
5,0,1.4289479,-2.7955718
4,6,3.1628315,-0.66598433
1,3,-0.03067134,-2.1214523
9,9,3.9044645,-3.6444755
4,9,3.7805214,0.22084813
5,0,-1.2555778,-1.5608064
4,9,3.8661146,-0.16757673
2,3,-2.778297,-0.21854386
9,7,-3.0886505,0.439883
4,9,4.2789717,0.66841054
6,5,1.0121274,5.7998176
3,7,-2.374424,-1.4912905
9,7,-0.6362283,1.2153851
0,1,3.2958462,0.39247978
8,3,-2.4497638,-2.3599355
2,4,-5.0318437,-0.41951108
3,7,-3.4673963,0.46168548
4,9,4.6353617,0.5529663
5,0,-1.303897,0.39905664
3,4,-4.122342,-4.3799953
9,0,0.631638,-3.4673944
0,1,1.9654547,2.2632668
0,1,1.6319793,2.4669964
5,0,-3.0444472,-3.0003083
0,1,1.1970184,2.2411587
6,5,0.8940534,3.3796325
8,0,-2.5637777,-1.8101641
1,3,0.035607267,-1.324952
0,1,2.1830494,1.0750725
8,7,-1.3429642,0.8112837
8,3,-0.16521335,0.597094
6,5,0.93183607,4.3703866
1,3,1.1245526,-0.41439024
7,6,2.4628782,-5.010431
3,7,-0.10795975,-4.094441
0,1,1.6474442,3.3702886
7,6,-0.11503721,-3.515519
8,3,-1.9384177,-1.6949506
9,7,-0.8499129,-1.2042041
5,0,0.24821956,-1.146738
7,6,-0.4306867,-2.3711274
5,4,-3.3123572,-2.063854
0,1,1.4786012,2.6974356
3,7,-3.6349401,0.8367008
0,1,2.2341278,1.1246364
3,7,-2.7478983,1.5424157
3,7,-2.9485095,1.0420755
3,7,-4.192027,0.12900418
5,0,1.9530387,0.5193987
7,6,-1.0751637,-4.383195
6,5,1.0217829,1.8383777
0,1,1.2221764,2.2547672
5,0,-0.31658086,-1.0941299
6,5,1.3013314,3.9311552
4,9,3.798069,0.020885166
4,9,6.7004385,1.6433064
4,9,5.7783365,2.8873155
0,1,2.1286342,0.026951337
1,9,1.8740133,-0.5580526
5,0,2.3623178,0.09022913
3,7,-2.2297337,-3.7987404
0,1,0.7206534,2.5171227
4,9,4.105302,-0.15895134
5,0,0.85187334,-1.1132448
4,9,5.4241424,2.861875
3,7,-2.82511,-0.34402987
3,7,-3.0660229,-0.8984727
7,6,0.42916402,-3.3734164
5,0,-2.2364554,-1.2181642
9,7,-0.24265641,0.7048642
2,8,-5.0555644,-0.06897063
0,1,1.4908842,1.5742934
3,7,-1.5302509,-1.4159273
9,7,-1.1158777,1.1103997
0,1,0.35515353,2.3184793
2,3,0.6828451,-0.55302304
5,4,-4.4456325,-2.2452142
1,8,-1.5365137,2.129666
8,7,0.23588163,-1.0790082
1,3,-0.4844087,-0.55998236
2,8,-1.6538028,1.7469043
0,1,1.37126,2.55695
0,1,1.9634719,2.2742376
5,0,0.10442688,-2.6395764
8,0,1.6749654,-0.8000988
5,0,-0.43475798,-1.1862327
9,7,-0.6363914,-1.3359866
2,8,-3.1893325,1.0569278
4,9,4.989009,0.65107864
5,0,-0.5426887,0.49284604
4,9,5.105261,0.28906155
1,9,3.4781053,-2.9751031
7,2,5.288168,-6.2450643
4,9,4.6638174,1.5475091
5,0,-0.98204505,-1.1490066
5,0,0.08700695,-1.462157
2,8,-4.2402306,1.1085604
6,5,0.63664824,4.1318016
0,1,1.1997806,1.9953758
2,8,-1.8463751,-0.4168629
9,0,1.4453305,-3.6015267
5,4,-1.9207876,-1.0091621
8,3,-0.11676016,-0.15235555
9,7,-1.5667845,2.2021084
9,7,-2.217605,-0.60691196
7,6,1.5297062,-5.6474237
7,6,1.5789626,-6.01353
2,3,-4.155683,0.36810255
2,8,-3.6651158,1.1812862
1,9,2.1759057,-0.45883727
9,7,-0.711709,0.057461508
1,9,2.8476632,-0.73959893
2,4,-6.602602,0.632411
0,1,1.3532473,2.408648
4,9,4.965606,1.0679231
5,0,-1.3586875,-2.5065403
6,5,0.9852373,4.2190313
8,3,-0.8195144,1.2103894
8,7,-1.054304,-0.5887453
6,5,1.6097068,3.2606945
4,9,3.5631251,-0.06035792
6,5,1.223798,3.5447178
1,3,0.6129867,-0.9459352
3,7,-2.6017141,-0.26577276
1,8,-2.4592805,3.0734363
0,1,2.057434,3.5927358
7,6,-0.70121276,-3.2447927
0,1,2.1843219,0.9038794
5,0,0.33156338,-0.3654759
8,3,-0.5282133,-0.78453547
4,9,4.825093,0.37507483
0,1,0.5724123,1.8177629
2,9,3.1521757,-1.7848204
1,3,0.0200406,-1.9977584
9,7,-0.17654116,0.48514023
8,3,-0.3142501,-0.93864584
3,7,-3.5140495,0.617877
9,7,-1.7333562,1.17352
3,4,-3.4492378,-0.22309692
2,3,-2.632299,-1.1848181
8,0,0.71401036,-1.7454273
9,7,-1.5676575,-0.10473863
9,7,-1.065134,0.5148067
7,6,1.4858994,-3.196817
3,7,-3.923955,-0.11828945
5,7,-3.2984512,1.4120861
9,7,-1.4515201,0.59085923
8,7,-0.7236535,0.46774918
8,7,-1.7101774,-0.7106698
6,5,0.9580497,3.0339892
9,7,-1.8927892,-0.29457408
3,7,-2.0209124,-1.1125078
3,7,-2.427744,-0.1995044
1,8,-2.5454879,3.4321635
7,6,0.5904477,-1.5039084
9,7,-0.6525315,1.1327275
9,7,1.0927378,0.10803835
9,7,-0.020633753,2.2057948
6,5,1.4084483,4.177152
7,6,-0.18105683,-2.486768
7,6,1.3246065,-1.4910796
5,0,1.9283259,0.63872087
3,7,-3.2919083,-1.0538912
2,4,-4.338313,1.2198008
1,8,-2.5582156,3.8719234
4,9,6.34275,0.39927748
4,9,6.6910224,1.2483538
3,7,-3.3379424,-0.23131704
4,2,7.368367,-3.1490128
9,9,3.6118422,-2.843897
8,3,0.3006922,-0.18665057
0,1,1.3301197,2.2245893
0,1,2.4630144,1.6015862
7,6,0.5658934,-3.8146565
0,1,2.4825742,0.18284528
8,7,-1.8596457,1.6783388
8,3,0.22626098,-1.7873185
1,3,-0.36589044,0.40059978
4,9,4.752613,-0.241325
7,6,2.8325305,-4.300591
3,7,-3.7273586,0.070151925
3,7,-3.0199296,0.8685306
6,5,1.0852671,4.2502546
2,4,-5.0815163,2.1935818
0,1,1.6380237,2.8674617
6,5,1.2574683,3.942072
9,7,-0.9196089,-1.5368779
4,9,4.7269607,0.30877084
0,1,2.6368668,1.6655929
4,9,3.3374197,0.67311263
3,7,-1.8351554,0.3565882
4,9,5.0309725,2.8761656
5,4,-3.5574484,-1.1306316
5,0,-0.52572083,1.154321
7,6,0.52380884,-2.5898654
9,7,-2.474968,0.23683362
0,1,1.7791196,2.3256233
4,9,4.544805,0.34109896
8,7,-2.598705,0.9579326
8,7,-1.1338809,-2.8008895
1,3,-0.6144518,-0.30124408
0,1,1.7795745,2.656044
4,9,6.4573016,1.3545327
6,5,1.1643641,3.6580665
0,1,2.1368632,1.5998805
7,6,3.0236266,-3.4484766
4,9,3.126429,1.1576138
0,1,1.5098348,1.0117866
0,1,0.7269263,1.7459078
0,1,2.612592,2.5828295
8,3,-1.2213862,-0.51250464
0,1,1.2456596,0.23254827
7,6,0.4346152,-2.549534
5,0,1.5637585,-2.0335248
7,2,7.0316386,-9.858287
9,2,5.309533,-4.409207
2,4,-5.264782,0.9203956
9,7,-0.7607371,-0.40025154
0,1,1.4204413,2.5381472
9,7,-0.476434,0.7376492
4,9,4.201855,-0.22516474
5,0,1.3527787,-1.7472546
0,1,2.4504962,0.91322964
3,7,-2.1621602,2.6920526
7,6,1.5961463,-3.8463476
6,5,1.6326572,3.6557677
8,0,0.050241485,-2.292993
2,3,-1.5581279,1.2265518
1,9,2.9429653,-2.520725
6,5,1.2660074,4.159761
7,2,6.8608513,-6.702835
6,5,2.2540033,3.3101616
3,7,0.47470322,1.6394877
6,5,1.2587594,2.4033773
5,0,-1.3213817,-1.0246452
8,3,0.04977614,0.5787484
2,8,-4.404634,1.4879925
5,0,-2.5496485,-1.307855
7,6,-0.30014777,-3.2984009
4,9,5.3171077,1.6204957
0,1,2.718747,0.8880981
2,8,-3.0897636,1.5573777
8,0,0.8953126,-1.6521287
9,7,-1.4559325,3.3590803
4,9,4.296957,0.20473856
2,3,-2.3679066,0.28188
4,9,3.9079404,-0.05066207
1,3,0.7756322,-1.9793233
8,0,-0.18540557,-1.2133986
2,8,-2.325828,1.8427036
3,7,-3.111961,-0.730573
2,4,-4.5850296,0.9948581
7,6,-0.2342272,-2.8604622
4,9,5.003934,0.09373405
1,3,-0.54704934,-1.6927934
4,3,2.1560285,-0.23978151
9,7,-1.0763128,0.4946828
6,5,1.1227655,4.447346
3,7,-2.0882602,-1.3336247
8,0,-3.2808557,-3.1501086
6,5,0.36260322,6.673451
6,5,1.0493993,4.4071503
4,9,3.7839794,0.25378796
9,7,-1.9646199,0.40164712
1,3,-0.15587242,-1.4307439
5,0,-2.3964524,-3.6501126
1,3,0.18008085,-1.1387513
7,6,-1.2503232,-3.7500007
7,6,1.8045006,-2.4574385
6,5,1.9578918,3.7568562
8,3,0.0041828873,-0.2695276
7,6,0.46484601,-2.858354
3,7,-3.4248679,0.52907306
4,9,4.9414907,0.18268634
1,9,2.1858933,-1.0273966
0,1,0.747017,2.7694125
0,1,1.5308793,1.7219377
7,6,-0.22187138,-2.6225274
5,0,-0.51334846,0.6028601
1,3,-0.30770695,-1.6201682
6,5,1.1788596,4.4811964
4,9,5.5872626,1.0887783
2,4,-5.883844,0.7322603
5,0,0.14641143,-0.117329866
9,7,-1.9735516,-0.9933486
3,7,-2.3512318,-1.9207795
6,5,0.57892925,4.51075
9,7,-0.4446217,0.76862556
2,6,0.8223617,-3.8776503
1,9,2.314208,-1.0436202
5,0,-1.1643256,-1.5841035
4,9,4.2098856,0.17080235
7,6,0.8805315,-6.4226527
2,4,-6.0568733,1.3435037
8,0,-1.0478765,-2.2626545
9,7,-1.0339006,0.84755313
7,6,1.1813169,-3.7099736
7,6,2.0019991,-4.051091
1,9,2.503978,-2.051245
0,1,1.7782723,2.186809
4,9,6.783194,1.3181782
2,8,-0.63058,1.4537653
9,7,-2.0494528,0.46218076
3,7,-2.5923274,-0.9145213
5,4,-3.450549,-2.5743756
7,6,0.31348258,-1.3300477
0,1,2.9245179,2.4584138
1,3,2.0876212,-1.7086778
0,1,2.2969449,2.4822223
1,8,-3.4441106,2.658371
5,0,-1.7039887,-1.1993716
8,3,1.5467788,0.18779637
9,7,-0.95507866,1.9294406
9,7,-2.2807298,-0.20215347
8,5,-1.3009923,2.5993598
6,5,1.2863679,3.9683383
4,9,2.949776,-0.7157754
3,7,-1.8896495,-2.368788
8,3,1.7643758,-1.200183
7,6,1.8201792,-6.1434855
5,0,-2.021739,-0.31757292
7,6,0.2605976,-3.6056807
3,7,-2.8354943,-0.7230907
5,7,-1.9969848,1.1389737
7,6,-0.66069233,-5.204382
7,2,4.125166,-6.808103
2,8,-2.8146248,1.6180114
3,7,-1.8290142,0.64151055
5,0,-1.9223099,-4.244003
6,5,0.9437742,4.432471
1,3,1.8340075,-1.4515055
5,0,-0.08059913,-0.06455546
0,1,0.9174784,0.35269392
0,1,2.7846801,1.1729019
6,5,1.106765,4.558731
3,7,-4.8433185,0.6770426
8,0,-1.730849,-2.2564929
7,9,3.8412473,-3.4772692
8,3,-0.75840145,-0.80723035
4,9,3.380673,0.7114087
6,5,0.85632706,3.5688744
2,8,-4.1837645,3.8399837
0,1,3.3592405,1.5469513
2,4,-4.0750566,1.7776158
6,5,1.2097416,4.4408464
9,7,-2.7197537,1.0932728
0,1,3.3778195,0.49563032
9,7,-1.4197823,2.1268015
7,6,0.63489723,-4.510813
0,1,1.999026,1.3273691
6,1,1.9007874,3.1796832
2,8,-4.5567307,1.2072532
5,0,1.2514203,1.0480574
2,7,-3.707016,-1.0168083
1,3,-0.292601,-0.91368705
5,0,-0.00022121577,-1.491042
2,4,-4.7172656,0.7830986
2,4,-4.2718,1.3554628
9,7,-2.3703034,2.9310987
0,1,0.92537606,-0.27517402
4,6,3.6518266,-3.2475593
2,8,-4.686689,0.69321966
6,5,1.7072918,3.9786954
8,3,-0.44918045,-1.5501076
8,3,-1.1043552,0.7650538
3,7,-0.83370817,0.6712852
5,7,-1.2388363,2.1057978
3,7,-3.8624425,-0.1279193
6,3,1.2673404,1.4912004
0,1,3.5540154,2.156917
1,3,1.5059509,-2.0889223
9,9,3.1660752,-3.8358648
8,3,1.2491096,-0.40631205
2,4,-5.9416566,1.6308901
8,4,-2.4681945,-0.33688024
6,5,-0.10019925,4.4153233
3,7,-3.1698005,0.18082218
1,9,1.6600152,-1.2729836
4,6,2.4341521,-0.60552025
1,3,0.37476566,-0.3440167
5,0,0.37134948,-0.08166991
9,7,-1.2498469,1.64537
1,9,1.9899234,-1.3655238
5,0,-0.49241382,-2.3829334
6,5,2.123477,3.503808
0,1,1.006665,1.0894941
7,6,2.5840971,-5.203207
1,3,-0.44358614,-1.2492721
4,9,6.272131,1.836599
8,3,-0.25134924,-2.1656528
7,6,1.4211178,-2.1318173
2,3,0.9438659,-0.8445372
5,0,0.16029201,-2.608648
5,0,-0.0804045,-0.59243155
1,8,-1.4381486,2.4789789
5,0,1.655026,0.30718222
0,1,2.0013435,1.3193789
1,9,1.3308111,-2.596139
6,5,1.946436,3.8667593
3,6,-3.297935,-4.1892257
6,5,0.088760555,4.615931
